Use Unibase;

insert into Lectureroom values ( 'Chess', '101', '15');
insert into Lectureroom values ( 'Chess', '102', '15');
insert into Lectureroom values ( 'Chess', '103', '15');
insert into Lectureroom values ( 'Chess', '104', '15');
insert into Lectureroom values ( 'Pawn', '201', '45');
insert into Lectureroom values ( 'Pawn', '202', '45');
insert into Lectureroom values ( 'Pawn', '203', '45');
insert into Lectureroom values ( 'Pawn', '204', '45');
insert into Lectureroom values ( 'Pawn', '205', '45');
insert into Lectureroom values ( 'Queen', '311', '60');
insert into Lectureroom values ( 'Queen', '312', '60');
insert into Lectureroom values ( 'Queen', '313', '60');
insert into Lectureroom values ( 'Queen', '314', '60');
insert into Lectureroom values ( 'King', '411', '30');
insert into Lectureroom values ( 'King', '412', '30');
insert into Lectureroom values ( 'King', '421', '30');
insert into Lectureroom values ( 'Rook', '501', '140');
insert into Lectureroom values ( 'Rook', '502', '140');
insert into Lectureroom values ( 'Rook', '511', '140');
insert into Lectureroom values ( 'Rook', '512', '140');
insert into Lectureroom values ( 'Knight', '631', '220');
insert into Lectureroom values ( 'Knight', '632', '220');
insert into Lectureroom values ( 'Knight', '633', '220');
insert into Lectureroom values ( 'Bishop', '701', '350');
insert into Lectureroom values ( 'Castle', '810', '2600');

insert into Department values ('Business', 'Noble', '1350289.33');
insert into Department values ('Comp. Sci.', 'King', '1899999.99');
insert into Department values ('Elec. Eng.', 'King', '987213.11');
insert into Department values ('Medicine', 'Rush', '1869350.66');
insert into Department values ('Arts', 'Rook', '546990.47');
insert into Department values ('History', 'Wrigley', '789445.66');
insert into Department values ('Law', 'ABR', '1234098.43');
insert into Department values ('Economics', 'Noble', '876493.44');
insert into Department values ('Mech. Eng.', 'Queen', '650113.33');
insert into Department values ('Civil Eng.', 'Queen', '290870.11');
insert into Department values ('Athletics', 'Arjun', '350960.22');
insert into Department values ('Finance', 'Noble', '227924.16');
insert into Department values ('Math', 'Queen', '450719.22');
insert into Department values ('Physics', 'Queen', '675003.65');
insert into Department values ('Chemistry', 'Rush', '302166.45');
insert into Department values ('Biology', 'Rush', '869350.66');
insert into Department values ('Music', 'Rook', '123456.78');
insert into Department values ('Theater', 'Rook', '76543.21');
insert into Department values ('Robotics', 'King', '2399011.11');
insert into Department values ('Gender Studies', 'Wrigley', '30000.01');

insert into Student values ('408577', '2022', 'Fernando Alonso', 'Postgrad', 'Law', '35');
insert into Student values ('265698', '2007', 'Mario Andretti', 'Grad', 'Gender Studies', '38');
insert into Student values ('354533', '2018', 'Alberto Ascari', 'Undergrad', 'Medicine', '55');
insert into Student values ('687878', '2022', 'Jack Brabham', 'Undergrad', 'Math', '68');
insert into Student values ('372787', '2021', 'Jenson Button', 'Postgrad', 'Robotics', '19');
insert into Student values ('330954', '2016', 'Jim Clark', 'Postgrad', 'Music', '10');
insert into Student values ('680860', '2021', 'Juan Manuel Fangio', 'Postgrad', 'Physics', '13');
insert into Student values ('684931', '2001', 'Nino Farina', 'Undergrad', 'Biology', '10');
insert into Student values ('878164', '2000', 'Emerson Fittipaldi', 'Undergrad', 'Arts', '48');
insert into Student values ('627446', '2010', 'Lewis Hamilton', 'Undergrad', 'History', '15');
insert into Student values ('160328', '2015', 'Mike Hawthorn', 'Undergrad', 'Math', '36');
insert into Student values ('766916', '2010', 'Damon Hill', 'Postgrad', 'Economics', '17');
insert into Student values ('530617', '2019', 'Graham Hill', 'Undergrad', 'Business', '39');
insert into Student values ('765266', '2005', 'Phil Hill', 'Postgrad', 'Physics', '18');
insert into Student values ('226414', '2011', 'Denny Hulme', 'Undergrad', 'Law', '35');
insert into Student values ('878212', '2000', 'James Hunt', 'Grad', 'Physics', '27');
insert into Student values ('656965', '2001', 'Mika Häkkinen', 'Undergrad', 'Athletics', '60');
insert into Student values ('202368', '2000', 'Alan Jones', 'Undergrad', 'Economics', '62');
insert into Student values ('744659', '2009', 'Niki Lauda', 'Grad', 'Math', '6');
insert into Student values ('919208', '2017', 'Nigel Mansell', 'Undergrad', 'Gender Studies', '16');
insert into Student values ('537090', '2004', 'Nelson Piquet', 'Undergrad', 'Music', '34');
insert into Student values ('918301', '2017', 'Alain Prost', 'Undergrad', 'Economics', '15');
insert into Student values ('513777', '2007', 'Kimi Räikkönen', 'Undergrad', 'Mech. Eng.', '48');
insert into Student values ('779533', '2018', 'Jochen Rindt', 'Grad', 'Gender Studies', '15');
insert into Student values ('571087', '2007', 'Keke Rosberg', 'Undergrad', 'Music', '4');
insert into Student values ('618132', '2013', 'Nico Rosberg', 'Undergrad', 'Comp. Sci.', '53');
insert into Student values ('210242', '2001', 'Kimi Räikkönen', 'Grad', 'Elec. Eng.', '32');
insert into Student values ('429950', '2012', 'Jody Scheckter', 'Undergrad', 'Law', '18');
insert into Student values ('489709', '2001', 'Michael Schumacher', 'Undergrad', 'Finance', '2');
insert into Student values ('191231', '2010', 'Ayrton Senna', 'Postgrad', 'Finance', '22');
insert into Student values ('893595', '2015', 'Jackie Stewart', 'Grad', 'Biology', '24');
insert into Student values ('394272', '2011', 'John Surtees', 'Grad', 'Music', '15');
insert into Student values ('454819', '2009', 'Sebastian Vettel', 'Grad', 'Chemistry', '30');
insert into Student values ('849709', '2003', 'Jacques Villeneuve', 'Undergrad', 'Athletics', '35');
insert into Student values ('908212', '2013', 'Rubens Barrichello', 'Undergrad', 'Gender Studies', '69');
insert into Student values ('484173', '2000', 'Felipe Massa', 'Undergrad', 'Medicine', '60');
insert into Student values ('684170', '2014', 'Riccardo Patrese', 'Undergrad', 'Robotics', '6');
insert into Student values ('779944', '2002', 'Jarno Trulli', 'Undergrad', 'Athletics', '61');
insert into Student values ('662387', '2019', 'David Coulthard', 'Undergrad', 'Arts', '4');
insert into Student values ('758678', '2003', 'Giancarlo Fisichella', 'Undergrad', 'Chemistry', '34');
insert into Student values ('330317', '2006', 'Mark Webber', 'Undergrad', 'Robotics', '37');
insert into Student values ('500264', '2018', 'Michele Alboreto', 'Grad', 'Theater', '30');
insert into Student values ('110472', '2006', 'Andrea de Cesaris', 'Grad', 'Economics', '31');
insert into Student values ('919087', '2001', 'Gerhard Berger', 'Postgrad', 'Theater', '27');
insert into Student values ('524970', '2012', 'Jean Alesi', 'Grad', 'Athletics', '2');
insert into Student values ('332462', '2022', 'Nick Heidfeld', 'Undergrad', 'Robotics', '48');
insert into Student values ('343482', '2019', 'Ralf Schumacher', 'Undergrad', 'History', '32');
insert into Student values ('683039', '2018', 'Jacques Laffite', 'Grad', 'Biology', '2');
insert into Student values ('491786', '2004', 'Nico Hülkenberg', 'Undergrad', 'Music', '56');
insert into Student values ('832770', '2018', 'Sergio Pérez', 'Grad', 'Economics', '9');
insert into Student values ('653576', '2003', 'Daniel Ricciardo', 'Undergrad', 'Math', '14');
insert into Student values ('577180', '2002', 'Romain Grosjean', 'Undergrad', 'Math', '33');
insert into Student values ('683572', '2002', 'Martin Brundle', 'Undergrad', 'Theater', '34');
insert into Student values ('922687', '2008', 'Johnny Herbert', 'Undergrad', 'Comp. Sci.', '7');
insert into Student values ('168416', '2002', 'René Arnoux', 'Grad', 'Arts', '13');
insert into Student values ('915238', '2007', 'Thierry Boutsen', 'Undergrad', 'Theater', '52');
insert into Student values ('820765', '2003', 'Derek Warwick', 'Undergrad', 'Gender Studies', '33');
insert into Student values ('949817', '2016', 'Heinz-Harald Frentzen', 'Undergrad', 'Economics', '45');
insert into Student values ('763993', '2008', 'Olivier Panis', 'Undergrad', 'Theater', '21');
insert into Student values ('805392', '2004', 'John Watson', 'Undergrad', 'Robotics', '8');
insert into Student values ('153760', '2018', 'Eddie Irvine', 'Undergrad', 'Comp. Sci.', '61');
insert into Student values ('157635', '2014', 'Carlos Reutemann', 'Undergrad', 'Biology', '22');
insert into Student values ('536989', '2007', 'Eddie Cheever', 'Undergrad', 'Arts', '11');
insert into Student values ('612314', '2018', 'Jean-Pierre Jarier', 'Grad', 'Civil Eng.', '9');
insert into Student values ('907234', '2011', 'Valtteri Bottas', 'Undergrad', 'Medicine', '9');
insert into Student values ('604431', '2020', 'Clay Regazzoni', 'Undergrad', 'Biology', '43');
insert into Student values ('418664', '2003', 'Sergio Pérez', 'Grad', 'Music', '19');
insert into Student values ('116111', '2000', 'Adrian Sutil', 'Undergrad', 'Arts', '3');
insert into Student values ('418237', '2016', 'Pierluigi Martini', 'Grad', 'Mech. Eng.', '2');
insert into Student values ('414693', '2004', 'Ronnie Peterson', 'Postgrad', 'Robotics', '23');
insert into Student values ('779069', '2010', 'Patrick Tambay', 'Undergrad', 'Math', '44');
insert into Student values ('971815', '2012', 'Jacky Ickx', 'Grad', 'Civil Eng.', '24');
insert into Student values ('940079', '2004', 'Philippe Alliot', 'Grad', 'Mech. Eng.', '38');
insert into Student values ('192992', '2019', 'Jochen Mass', 'Postgrad', 'History', '27');
insert into Student values ('935028', '2011', 'Heikki Kovalainen', 'Undergrad', 'Gender Studies', '53');
insert into Student values ('767566', '2006', 'Piercarlo Ghinzani', 'Postgrad', 'Physics', '5');
insert into Student values ('738492', '2020', 'Mika Salo', 'Grad', 'Theater', '25');
insert into Student values ('186160', '2000', 'Elio de Angelis', 'Undergrad', 'Math', '31');
insert into Student values ('904208', '2018', 'Chris Amon', 'Undergrad', 'Mech. Eng.', '10');
insert into Student values ('282237', '2022', 'Jo Bonnier', 'Undergrad', 'Athletics', '41');
insert into Student values ('833278', '2006', 'Pedro de la Rosa', 'Undergrad', 'Economics', '5');
insert into Student values ('123006', '2008', 'Jos Verstappen', 'Undergrad', 'Math', '68');
insert into Student values ('679302', '2010', 'Bruce McLaren', 'Postgrad', 'Mech. Eng.', '21');
insert into Student values ('126554', '2014', 'Stefan Johansson', 'Undergrad', 'Law', '21');
insert into Student values ('890210', '2004', 'Kevin Magnussen', 'Undergrad', 'Biology', '44');
insert into Student values ('134946', '2013', 'Carlos Sainz Jr.', 'Undergrad', 'History', '45');
insert into Student values ('226738', '2000', 'Max Verstappen', 'Postgrad', 'Robotics', '32');
insert into Student values ('767923', '2001', 'Jo Siffert', 'Undergrad', 'History', '35');
insert into Student values ('701277', '2017', 'Pedro Diniz', 'Undergrad', 'Athletics', '47');
insert into Student values ('246531', '2015', 'Ivan Capelli', 'Undergrad', 'Medicine', '37');
insert into Student values ('444499', '2022', 'Ukyo Katayama', 'Undergrad', 'Theater', '67');
insert into Student values ('336598', '2013', 'Robert Kubica', 'Postgrad', 'Law', '19');
insert into Student values ('560225', '2021', 'Pastor Maldonado', 'Undergrad', 'Law', '15');
insert into Student values ('966856', '2021', 'Patrick Depailler', 'Grad', 'Finance', '11');
insert into Student values ('220376', '2002', 'Timo Glock', 'Grad', 'Theater', '34');
insert into Student values ('397278', '2010', 'Daniil Kvyat', 'Undergrad', 'Medicine', '11');
insert into Student values ('330915', '2021', 'Juan Pablo Montoya', 'Undergrad', 'Economics', '62');
insert into Student values ('174962', '2010', 'Takuma Sato', 'Grad', 'Gender Studies', '30');
insert into Student values ('552189', '2010', 'Jean-Pierre Beltoise', 'Undergrad', 'Gender Studies', '7');
insert into Student values ('217359', '2018', 'Jonathan Palmer', 'Grad', 'Law', '34');

insert into Professor values ('77875', 'Denny Hamlin', 'Gender Studies', 52360, 'Wrigley');
insert into Professor values ('88284', 'Kyle Busch', 'Math', 58593.86, 'Queen');
insert into Professor values ('66666', 'Sidhanth Krishna', 'Robotics', 59950.63, 'Rook');
insert into Professor values ('94375', 'Martin Truex Jr.', 'Music', 64814.86, 'Rook');
insert into Professor values ('12565', 'Ross Chastain', 'Athletics', 65624.86, 'Arjun');
insert into Professor values ('46947', 'J.J. Yeley', 'Physics', 67500.35, 'Queen');
insert into Professor values ('16878', 'Harrison Burton', 'Gender Studies', 72792.46, 'Noble');
insert into Professor values ('26433', 'Joey Hand', 'Mech. Eng.', 78013.56, 'Queen');
insert into Professor values ('58405', 'Daniil Kvyat', 'Civil Eng.', 78013.59, 'Queen');
insert into Professor values ('65112', 'Noah Gragson', 'Finance', 79630.08, 'Noble');
insert into Professor values ('22304', 'Joey Logano', 'Business', 79630.14, 'Noble');
insert into Professor values ('63567', 'Garrett Smithley', 'Physics', 81000.48, 'Queen');
insert into Professor values ('16257', 'Jacques Villeneuve', 'Economics', 87649.44, 'Noble');
insert into Professor values ('39575', 'Zane Smith', 'Chemistry', 89281.63, 'Rush');
insert into Professor values ('39135', 'Christopher Bell', 'History', 94733.92, 'Wrigley');
insert into Professor values ('62482', 'David Ragan', 'Math', 95071.92, 'Queen');
insert into Professor values ('83669', 'Loris Hezemans', 'Business', 96414.84, 'Noble');
insert into Professor values ('64702', 'Daniel Hemric', 'Biology', 104322.92, 'Rush');
insert into Professor values ('90603', 'Austin Cindric', 'Biology', 113015.58, 'Rush');
insert into Professor values ('58619', 'AJ Allmendinger', 'Elec. Eng.', 118465.32, 'King');
insert into Professor values ('55473', 'Aric Almirola', 'Law', 123409.84, 'ABR');
insert into Professor values ('90452', 'Joey Hand', 'Elec. Eng.', 128337.73, 'King');
insert into Professor values ('86476', 'Bubba Wallace', 'Law', 135750.83, 'ABR');
insert into Professor values ('67911', 'Parker Kligerman', 'Law', 148091.16, 'ABR');
insert into Professor values ('64577', 'Ty Gibbs', 'History', 160432.59, 'ABR');
insert into Professor values ('24228', 'Ryan Preece', 'Medicine', 205628.56, 'Rush');
insert into Professor values ('80608', 'Chase Briscoe', 'Comp. Sci.', 208999.99, 'King');
insert into Professor values ('44131', 'Chris Buescher', 'Comp. Sci.', 208999.89, 'King');
insert into Professor values ('22222', 'Albert Einstein', 'Robotics', 223491.66, 'King');
insert into Professor values ('30919', 'Austin Dillon', 'Medicine', 224322.02, 'Rush');
insert into Professor values ('58326', 'Justin Haley', 'Comp. Sci.', 246999.97, 'King');
insert into Professor values ('78622', 'William Byron', 'Theater', 350419.22, 'King');
insert into Professor values ('40839', 'Ryan Blaney', 'Music', 687436, 'Rook');

insert into Course values ('371', 'Arduino Programming', 'Robotics', 4);
insert into Course values ('863', 'Concrete', 'Civil Eng.', 3);
insert into Course values ('895', 'Track training', 'Athletics', 4);
insert into Course values ('516', 'Medievial History', 'History', 3);
insert into Course values ('583', 'Botany', 'Medicine', 3);
insert into Course values ('981', 'Differential Equations', 'Math', 3);
insert into Course values ('999', 'Modern History', 'History', 4);
insert into Course values ('169', 'SSThaman Playlist', 'Music', 4);
insert into Course values ('387', 'Power Systems', 'Elec. Eng.', 3);
insert into Course values ('343', 'Pencil Drawing', 'Arts', 3);
insert into Course values ('124', 'Organic Chemistry', 'Chemistry', 3);
insert into Course values ('792', 'Astro Physics', 'Physics', 3);
insert into Course values ('763', 'Zoology', 'Biology', 4);
insert into Course values ('607', 'Cricket', 'Athletics', 3);
insert into Course values ('923', 'Financial Management', 'Finance', 4);
insert into Course values ('903', 'Quantum Physics', 'Physics', 4);
insert into Course values ('990', 'DSP Playlist', 'Music', 4);
insert into Course values ('933', 'Boston Dynamics', 'Robotics', 3);
insert into Course values ('611', 'Introduction to Strategy', 'Business', 3);
insert into Course values ('374', 'Football', 'Athletics', 3);
insert into Course values ('497', 'Business analysis and Valuation', 'Finance', 3);
insert into Course values ('685', 'Diagnostics', 'Medicine', 3);
insert into Course values ('528', 'Bricks', 'Civil Eng.', 4);
insert into Course values ('150', 'Criminal Law', 'Law', 4);
insert into Course values ('747', 'Data Structures', 'Comp. Sci.', 4);
insert into Course values ('186', 'Procreate Training', 'Arts', 4);
insert into Course values ('288', 'Oil Painting', 'Arts', 3);
insert into Course values ('575', 'Inorganic Chemistry', 'Chemistry', 3);
insert into Course values ('271', 'Introduction to Marketing', 'Business', 4);
insert into Course values ('520', 'Introduction to Surveying', 'Civil Eng.', 3);
insert into Course values ('100', 'Discrete Mathematics', 'Math', 3);
insert into Course values ('217', 'Introduction to Programming', 'Comp. Sci.', 3);
insert into Course values ('138', 'Biomechanics', 'Biology', 4);
insert into Course values ('706', 'Electro Magnetic Theory', 'Physics', 3);
insert into Course values ('369', 'Probability and Statistics', 'Math', 4);
insert into Course values ('236', 'Analog Electronics', 'Elec. Eng.', 3);
insert into Course values ('351', 'Drug Formulation', 'Medicine', 3);
insert into Course values ('358', 'Civil Law', 'Law', 3);
insert into Course values ('364', 'Constitution', 'Law', 2);
insert into Course values ('456', 'Physical Chemistry', 'Chemistry', 2);
insert into Course values ('182', 'Facial Surgery', 'Medicine', 4);
insert into Course values ('769', 'Variable Selection', 'Math', 3);
insert into Course values ('763', 'Derivative Risk Management', 'Finance', 4);
insert into Course values ('573', 'Thermodynamics', 'Mech. Eng.', 4);
insert into Course values ('708', 'Feminism', 'Gender Studies', 3);
insert into Course values ('536', 'Introduction to Compilers', 'Comp. Sci.', 3);
insert into Course values ('114', 'ARRahman Playlist', 'Music', 2);
insert into Course values ('392', 'How to smash Patriarchy', 'Gender Studies', 2);
insert into Course values ('444', 'Creating Matriarchal Societies', 'Gender Studies', 2);
insert into Course values ('645', 'Financial Crimes', 'Law', 2);
insert into Course values ('981', 'Econometrics', 'Economics', 4);
insert into Course values ('729', 'Refrigeration', 'Mech. Eng.', 4);
insert into Course values ('668', 'Newtons Laws', 'Physics', 3);
insert into Course values ('686', 'Rajamouli Simping', 'Theater', 3);
insert into Course values ('364', 'Arjun Reddy rewatches', 'Medicine', 2);
insert into Course values ('682', 'Bhaag Milkha Bhaag', 'Athletics', 2);
insert into Course values ('798', 'History of Maahishmati', 'History', 2);
insert into Course values ('492', 'Trivikram Dialogues study', 'Theater', 3);
insert into Course values ('335', 'Ilayaraja Playlist', 'Music', 2);
insert into Course values ('156', 'Nairobi study', 'Gender Studies', 4);

insert into Time_Slot values ('A', 'M', '8:00', '8:50');
insert into Time_Slot values ('A', 'W', '8:00', '8:50');
insert into Time_Slot values ('A', 'F', '8:00', '8:50');
insert into Time_Slot values ('B', 'M', '9:00', '9:50');
insert into Time_Slot values ('B', 'W', '9:00', '9:50');
insert into Time_Slot values ('B', 'F', '9:00', '9:50');
insert into Time_Slot values ('C', 'M', '11:00', '11:50');
insert into Time_Slot values ('C', 'W', '11:00', '11:50');
insert into Time_Slot values ('C', 'F', '11:00', '11:50');
insert into Time_Slot values ('D', 'M', '13:00', '13:50');
insert into Time_Slot values ('D', 'W', '13:00', '13:50');
insert into Time_Slot values ('D', 'F', '13:00', '13:50');
insert into Time_Slot values ('E', 'T', '10:30', '11:45');
insert into Time_Slot values ('E', 'R', '10:30', '11:45');
insert into Time_Slot values ('F', 'T', '14:00', '15:45');
insert into Time_Slot values ('F', 'R', '14:00', '15:45');
insert into Time_Slot values ('G', 'T', '18:00', '19:15');
insert into Time_Slot values ('G', 'R', '18:00', '19:15');
insert into Time_Slot values ('G', 'S', '18:00', '19:15');
insert into Time_Slot values ('H', 'T', '15:00', '15:50');
insert into Time_Slot values ('H', 'R', '15:00', '15:50');
insert into Time_Slot values ('I', 'W', '12:00', '12:50');
insert into Time_Slot values ('I', 'F', '12:00', '12:50');
insert into Time_Slot values ('J', 'M', '14:00', '16:00');
insert into Time_Slot values ('J', 'T', '14:00', '16:00');

insert into Section values ('371', '1', 'Fall', 2006, 'Queen', '311', 'A');
insert into Section values ('863', '1', 'Fall', 2018, 'Chess', '102', 'F');
insert into Section values ('895', '1', 'Fall', 2016, 'Knight', '631', 'R');
insert into Section values ('516', '1', 'Spring', 2018, 'King', '411', 'D');
insert into Section values ('583', '1', 'Spring', 2009, 'Chess', '102', 'T');
insert into Section values ('981', '1', 'Spring', 2020, 'Chess', '103', 'F');
insert into Section values ('999', '1', 'Spring', 2017, 'Castle', '810', 'F');
insert into Section values ('169', '1', 'Spring', 2022, 'Rook', '501', 'H');
insert into Section values ('387', '1', 'Summer', 2000, 'Pawn', '201', 'H');
insert into Section values ('343', '1', 'Summer', 2003, 'King', '421', 'J');
insert into Section values ('124', '1', 'Spring', 2016, 'Queen', '313', 'Y');
insert into Section values ('792', '1', 'Spring', 2008, 'Rook', '511', 'T');
insert into Section values ('763', '1', 'Fall', 2002, 'Rook', '511', 'K');
insert into Section values ('607', '1', 'Spring', 2010, 'Queen', '313', 'L');
insert into Section values ('923', '1', 'Fall', 2021, 'Knight', '631', 'C');
insert into Section values ('903', '1', 'Fall', 2011, 'Queen', '314', 'R');
insert into Section values ('990', '1', 'Spring', 2001, 'Bishop', '701', 'T');
insert into Section values ('933', '1', 'Fall', 2014, 'Queen', '314', 'G');
insert into Section values ('611', '1', 'Fall', 2000, 'Chess', '101', 'H');
insert into Section values ('374', '1', 'Summer', 2001, 'Chess', '104', 'J');
insert into Section values ('497', '1', 'Fall', 2014, 'Pawn', '202', 'Y');
insert into Section values ('685', '1', 'Spring', 2012, 'Rook', '512', 'B');
insert into Section values ('528', '1', 'Fall', 2009, 'Bishop', '701', 'T');
insert into Section values ('150', '1', 'Fall', 2014, 'Knight', '631', 'D');
insert into Section values ('747', '1', 'Spring', 2001, 'Pawn', '203', 'Y');
insert into Section values ('186', '1', 'Fall', 2010, 'Queen', '312', 'H');
insert into Section values ('288', '1', 'Fall', 2014, 'Rook', '512', 'J');
insert into Section values ('575', '1', 'Spring', 2002, 'Queen', '312', 'T');
insert into Section values ('271', '1', 'Spring', 2008, 'Knight', '632', 'G');
insert into Section values ('520', '1', 'Spring', 2002, 'Chess', '103', 'D');
insert into Section values ('100', '1', 'Spring', 2017, 'Queen', '312', 'R');
insert into Section values ('217', '1', 'Spring', 2019, 'King', '412', 'G');
insert into Section values ('138', '1', 'Spring', 2003, 'Castle', '810', 'V');
insert into Section values ('706', '1', 'Spring', 2020, 'Bishop', '701', 'N');
insert into Section values ('369', '1', 'Fall', 2004, 'Queen', '311', 'J');
insert into Section values ('236', '1', 'Fall', 2020, 'Castle', '810', 'N');
insert into Section values ('351', '1', 'Fall', 2014, 'Knight', '632', 'M');
insert into Section values ('358', '1', 'Fall', 2012, 'Pawn', '204', 'I');
insert into Section values ('364', '1', 'Spring', 2004, 'Pawn', '205', 'P');
insert into Section values ('456', '1', 'Spring', 2011, 'Rook', '512', 'U');
insert into Section values ('182', '1', 'Spring', 2012, 'Pawn', '201', 'U');
insert into Section values ('769', '1', 'Summer', 2016, 'Queen', '311', 'W');
insert into Section values ('763', '1', 'Summer', 2003, 'Pawn', '201', 'W');
insert into Section values ('573', '1', 'Summer', 2000, 'Knight', '633', 'R');
insert into Section values ('708', '1', 'Fall', 2009, 'King', '412', 'B');
insert into Section values ('536', '1', 'Spring', 2008, 'Pawn', '205', 'T');
insert into Section values ('114', '1', 'Spring', 2008, 'Pawn', '203', 'Q');
insert into Section values ('392', '1', 'Fall', 2020, 'Rook', '502', 'Q');
insert into Section values ('444', '1', 'Fall', 2002, 'Rook', '502', 'QF');
insert into Section values ('645', '1', 'Spring', 2008, 'Knight', '633', 'G');
insert into Section values ('981', '1', 'Spring', 2022, 'Queen', '314', 'H');
insert into Section values ('729', '1', 'Summer', 2010, 'Queen', '313', 'T');
insert into Section values ('668', '1', 'Spring', 2011, 'Pawn', '203', 'D');
insert into Section values ('686', '1', 'Fall', 2007, 'King', '421', 'F');
insert into Section values ('364', '1', 'Spring', 2011, 'Castle', '810', 'R');
insert into Section values ('682', '1', 'Spring', 2017, 'Rook', '502', 'G');
insert into Section values ('798', '1', 'Summer', 2008, 'Chess', '101', 'G');
insert into Section values ('492', '1', 'Spring', 2014, 'Queen', '314', 'J');
insert into Section values ('335', '1', 'Summer', 2020, 'Pawn', '204', 'I');
insert into Section values ('156', '1', 'Fall', 2019, 'Pawn', '204', 'M');
insert into Section values ('747', '2', 'Spring', 2015, 'Chess', '102', 'Y');
insert into Section values ('217', '2', 'Spring', 2015, 'King', '411', 'T');
insert into Section values ('536', '2', 'Spring', 2003, 'Knight', '632', 'G');
insert into Section values ('611', '2', 'Spring', 2017, 'Rook', '501', 'V');
insert into Section values ('271', '2', 'Spring', 2013, 'Chess', '101', 'D');
insert into Section values ('392', '2', 'Spring', 2016, 'King', '421', 'R');
insert into Section values ('444', '2', 'Fall', 2001, 'Queen', '313', 'G');

insert into Teaches values ('22222', '371', '1', 'Fall', 2006);
insert into Teaches values ('58405', '863', '1', 'Fall', 2018);
insert into Teaches values ('12565', '895', '1', 'Fall', 2016);
insert into Teaches values ('64577', '516', '1', 'Spring', 2018);
insert into Teaches values ('24228', '583', '1', 'Spring', 2009);
insert into Teaches values ('62482', '981', '1', 'Spring', 2020);
insert into Teaches values ('64577', '999', '1', 'Spring', 2017);
insert into Teaches values ('40839', '169', '1', 'Spring', 2022);
insert into Teaches values ('90452', '387', '1', 'Summer', 2000);
insert into Teaches values ('12565', '343', '1', 'Summer', 2003);
insert into Teaches values ('39575', '124', '1', 'Spring', 2016);
insert into Teaches values ('46947', '792', '1', 'Spring', 2008);
insert into Teaches values ('64702', '763', '1', 'Fall', 2002);
insert into Teaches values ('12565', '607', '1', 'Spring', 2010);
insert into Teaches values ('65112', '923', '1', 'Fall', 2021);
insert into Teaches values ('63567', '903', '1', 'Fall', 2011);
insert into Teaches values ('94375', '990', '1', 'Spring', 2001);
insert into Teaches values ('66666', '933', '1', 'Fall', 2014);
insert into Teaches values ('83669', '611', '1', 'Fall', 2000);
insert into Teaches values ('12565', '374', '1', 'Summer', 2001);
insert into Teaches values ('65112', '497', '1', 'Fall', 2014);
insert into Teaches values ('30919', '685', '1', 'Spring', 2012);
insert into Teaches values ('58405', '528', '1', 'Fall', 2009);
insert into Teaches values ('55473', '150', '1', 'Fall', 2014);
insert into Teaches values ('80608', '747', '1', 'Spring', 2001);
insert into Teaches values ('12565', '186', '1', 'Fall', 2010);
insert into Teaches values ('12565', '288', '1', 'Fall', 2014);
insert into Teaches values ('39575', '575', '1', 'Spring', 2002);
insert into Teaches values ('83669', '271', '1', 'Spring', 2008);
insert into Teaches values ('58405', '520', '1', 'Spring', 2002);
insert into Teaches values ('88284', '100', '1', 'Spring', 2017);
insert into Teaches values ('44131', '217', '1', 'Spring', 2019);
insert into Teaches values ('90603', '138', '1', 'Spring', 2003);
insert into Teaches values ('46947', '706', '1', 'Spring', 2020);
insert into Teaches values ('62482', '369', '1', 'Fall', 2004);
insert into Teaches values ('90452', '236', '1', 'Fall', 2020);
insert into Teaches values ('24228', '351', '1', 'Fall', 2014);
insert into Teaches values ('67911', '358', '1', 'Fall', 2012);
insert into Teaches values ('67911', '364', '1', 'Spring', 2004);
insert into Teaches values ('39575', '456', '1', 'Spring', 2011);
insert into Teaches values ('30919', '182', '1', 'Spring', 2012);
insert into Teaches values ('88284', '769', '1', 'Summer', 2016);
insert into Teaches values ('64702', '763', '1', 'Summer', 2003);
insert into Teaches values ('26433', '573', '1', 'Summer', 2000);
insert into Teaches values ('16878', '708', '1', 'Fall', 2009);
insert into Teaches values ('80608', '536', '1', 'Spring', 2008);
insert into Teaches values ('40839', '114', '1', 'Spring', 2008);
insert into Teaches values ('77875', '392', '1', 'Fall', 2020);
insert into Teaches values ('16878', '444', '1', 'Fall', 2002);
insert into Teaches values ('55473', '645', '1', 'Spring', 2008);
insert into Teaches values ('62482', '981', '1', 'Spring', 2022);
insert into Teaches values ('26433', '729', '1', 'Summer', 2010);
insert into Teaches values ('63567', '668', '1', 'Spring', 2011);
insert into Teaches values ('78622', '686', '1', 'Fall', 2007);
insert into Teaches values ('55473', '364', '1', 'Spring', 2011);
insert into Teaches values ('12565', '682', '1', 'Spring', 2017);
insert into Teaches values ('64577', '798', '1', 'Summer', 2008);
insert into Teaches values ('78622', '492', '1', 'Spring', 2014);
insert into Teaches values ('94375', '335', '1', 'Summer', 2020);
insert into Teaches values ('77875', '156', '1', 'Fall', 2019);
insert into Teaches values ('58326', '747', '2', 'Spring', 2015);
insert into Teaches values ('44131', '217', '2', 'Spring', 2015);
insert into Teaches values ('80608', '536', '2', 'Spring', 2003);
insert into Teaches values ('22304', '611', '2', 'Spring', 2017);
insert into Teaches values ('22304', '271', '2', 'Spring', 2013);
insert into Teaches values ('16878', '392', '2', 'Spring', 2016);
insert into Teaches values ('77875', '444', '2', 'Fall', 2001);

insert into Takes values ('408577', '520', '1', 'Spring', 2002, 'A-');
insert into Takes values ('265698', '456', '1', 'Spring', 2011, 'B-');
insert into Takes values ('354533', '573', '1', 'Summer', 2000, 'B+');
insert into Takes values ('687878', '217', '1', 'Spring', 2019, 'B+');
insert into Takes values ('372787', '392', '1', 'Fall', 2020, 'A+');
insert into Takes values ('330954', '271', '1', 'Spring', 2008, 'B-');
insert into Takes values ('680860', '351', '1', 'Fall', 2014, 'B+');
insert into Takes values ('684931', '217', '1', 'Spring', 2019, 'B-');
insert into Takes values ('878164', '520', '1', 'Spring', 2002, 'C-');
insert into Takes values ('627446', '685', '1', 'Spring', 2012, 'B+');
insert into Takes values ('160328', '763', '1', 'Fall', 2002, 'B-');
insert into Takes values ('766916', '792', '1', 'Spring', 2008, 'B+');
insert into Takes values ('530617', '351', '1', 'Fall', 2014, 'A+');
insert into Takes values ('765266', '392', '1', 'Fall', 2020, 'A-');
insert into Takes values ('226414', '520', '1', 'Spring', 2002, 'B+');
insert into Takes values ('878212', '114', '1', 'Spring', 2008, 'B-');
insert into Takes values ('656965', '364', '1', 'Spring', 2004, 'B+');
insert into Takes values ('202368', '371', '1', 'Fall', 2006, 'D');
insert into Takes values ('744659', '271', '1', 'Spring', 2008, 'B+');
insert into Takes values ('919208', '217', '1', 'Spring', 2019, 'A-');
insert into Takes values ('537090', '124', '1', 'Spring', 2016, 'B-');
insert into Takes values ('918301', '668', '1', 'Spring', 2011, 'B+');
insert into Takes values ('513777', '492', '1', 'Spring', 2014, 'A-');
insert into Takes values ('779533', '708', '1', 'Fall', 2009, 'C-');
insert into Takes values ('571087', '371', '1', 'Fall', 2006, 'C+');
insert into Takes values ('618132', '923', '1', 'Fall', 2021, 'B-');
insert into Takes values ('210242', '747', '1', 'Spring', 2001, 'C-');
insert into Takes values ('429950', '792', '1', 'Spring', 2008, 'B-');
insert into Takes values ('489709', '999', '1', 'Spring', 2017, 'D');
insert into Takes values ('191231', '236', '1', 'Fall', 2020, 'B-');
insert into Takes values ('893595', '217', '1', 'Spring', 2019, 'C-');
insert into Takes values ('394272', '182', '1', 'Spring', 2012, 'C+');
insert into Takes values ('454819', '186', '1', 'Fall', 2010, 'C+');
insert into Takes values ('849709', '271', '1', 'Spring', 2008, 'A-');
insert into Takes values ('908212', '138', '1', 'Spring', 2003, 'B+');
insert into Takes values ('484173', '516', '1', 'Spring', 2018, 'A-');
insert into Takes values ('684170', '798', '1', 'Summer', 2008, 'B-');
insert into Takes values ('779944', '351', '1', 'Fall', 2014, 'A-');
insert into Takes values ('662387', '573', '1', 'Summer', 2000, 'C-');
insert into Takes values ('758678', '573', '1', 'Summer', 2000, 'A-');
insert into Takes values ('330317', '645', '1', 'Spring', 2008, 'C-');
insert into Takes values ('500264', '217', '1', 'Spring', 2019, 'B-');
insert into Takes values ('110472', '236', '1', 'Fall', 2020, 'B-');
insert into Takes values ('919087', '575', '1', 'Spring', 2002, 'B-');
insert into Takes values ('524970', '763', '1', 'Fall', 2002, 'C-');
insert into Takes values ('332462', '100', '1', 'Spring', 2017, 'B+');
insert into Takes values ('343482', '706', '1', 'Spring', 2020, 'D');
insert into Takes values ('683039', '769', '1', 'Summer', 2016, 'A+');
insert into Takes values ('491786', '573', '1', 'Summer', 2000, 'C+');
insert into Takes values ('832770', '981', '1', 'Spring', 2020, 'C-');
insert into Takes values ('653576', '444', '1', 'Fall', 2002, 'C-');
insert into Takes values ('577180', '217', '1', 'Spring', 2019, 'B+');
insert into Takes values ('683572', '999', '1', 'Spring', 2017, 'C-');
insert into Takes values ('922687', '798', '1', 'Summer', 2008, 'C-');
insert into Takes values ('168416', '573', '1', 'Summer', 2000, 'A+');
insert into Takes values ('915238', '114', '1', 'Spring', 2008, 'B+');
insert into Takes values ('820765', '798', '1', 'Summer', 2008, 'B-');
insert into Takes values ('949817', '999', '1', 'Spring', 2017, 'A+');
insert into Takes values ('763993', '288', '1', 'Fall', 2014, 'C+');
insert into Takes values ('805392', '335', '1', 'Summer', 2020, 'B+');
insert into Takes values ('153760', '668', '1', 'Spring', 2011, 'A-');
insert into Takes values ('157635', '492', '1', 'Spring', 2014, 'B+');
insert into Takes values ('536989', '682', '1', 'Spring', 2017, 'B-');
insert into Takes values ('612314', '387', '1', 'Summer', 2000, 'C-');
insert into Takes values ('907234', '358', '1', 'Fall', 2012, 'B+');
insert into Takes values ('604431', '392', '1', 'Fall', 2020, 'A+');
insert into Takes values ('418664', '611', '1', 'Fall', 2000, 'C+');
insert into Takes values ('116111', '798', '1', 'Summer', 2008, 'B+');
insert into Takes values ('418237', '686', '1', 'Fall', 2007, 'B+');
insert into Takes values ('414693', '358', '1', 'Fall', 2012, 'B-');
insert into Takes values ('779069', '668', '1', 'Spring', 2011, 'C+');
insert into Takes values ('971815', '169', '1', 'Spring', 2022, 'C-');
insert into Takes values ('940079', '895', '1', 'Fall', 2016, 'B-');
insert into Takes values ('192992', '798', '1', 'Summer', 2008, 'B-');
insert into Takes values ('935028', '516', '1', 'Spring', 2018, 'C-');
insert into Takes values ('767566', '335', '1', 'Summer', 2020, 'B-');
insert into Takes values ('738492', '747', '1', 'Spring', 2001, 'B-');
insert into Takes values ('186160', '392', '1', 'Fall', 2020, 'B-');
insert into Takes values ('904208', '114', '1', 'Spring', 2008, 'C+');
insert into Takes values ('282237', '374', '1', 'Summer', 2001, 'A-');
insert into Takes values ('833278', '895', '1', 'Fall', 2016, 'B+');
insert into Takes values ('123006', '903', '1', 'Fall', 2011, 'B-');
insert into Takes values ('679302', '981', '1', 'Spring', 2020, 'A+');
insert into Takes values ('126554', '444', '1', 'Fall', 2002, 'B+');
insert into Takes values ('890210', '729', '1', 'Summer', 2010, 'C+');
insert into Takes values ('134946', '685', '1', 'Spring', 2012, 'A-');
insert into Takes values ('226738', '792', '1', 'Spring', 2008, 'A-');
insert into Takes values ('767923', '747', '1', 'Spring', 2001, 'C+');
insert into Takes values ('701277', '182', '1', 'Spring', 2012, 'C+');
insert into Takes values ('246531', '516', '1', 'Spring', 2018, 'A-');
insert into Takes values ('444499', '271', '1', 'Spring', 2008, 'A-');
insert into Takes values ('336598', '747', '1', 'Spring', 2001, 'A-');
insert into Takes values ('560225', '371', '1', 'Fall', 2006, 'B-');
insert into Takes values ('966856', '343', '1', 'Summer', 2003, 'B+');
insert into Takes values ('220376', '392', '1', 'Fall', 2020, 'A-');
insert into Takes values ('397278', '573', '1', 'Summer', 2000, 'B+');
insert into Takes values ('330915', '769', '1', 'Summer', 2016, 'D');
insert into Takes values ('174962', '999', '1', 'Spring', 2017, 'A+');
insert into Takes values ('552189', '351', '1', 'Fall', 2014, 'B+');
insert into Takes values ('217359', '792', '1', 'Spring', 2008, 'D');
insert into Takes values ('408577', '335', '1', 'Summer', 2020, 'A+');
insert into Takes values ('265698', '456', '1', 'Spring', 2011, 'A+');
insert into Takes values ('354533', '492', '1', 'Spring', 2014, 'B+');
insert into Takes values ('687878', '520', '1', 'Spring', 2002, 'B+');
insert into Takes values ('372787', '573', '1', 'Summer', 2000, 'B-');
insert into Takes values ('330954', '124', '1', 'Spring', 2016, 'C-');
insert into Takes values ('680860', '156', '1', 'Fall', 2019, 'A+');
insert into Takes values ('684931', '903', '1', 'Fall', 2011, 'B-');
insert into Takes values ('878164', '981', '1', 'Spring', 2020, 'B-');
insert into Takes values ('627446', '769', '1', 'Summer', 2016, 'B+');
insert into Takes values ('160328', '358', '1', 'Fall', 2012, 'C-');
insert into Takes values ('766916', '895', '1', 'Fall', 2016, 'C+');
insert into Takes values ('530617', '583', '1', 'Spring', 2009, 'A+');
insert into Takes values ('765266', '863', '1', 'Fall', 2018, 'A+');
insert into Takes values ('226414', '903', '1', 'Fall', 2011, 'B+');
insert into Takes values ('878212', '169', '1', 'Spring', 2022, 'B-');
insert into Takes values ('656965', '150', '1', 'Fall', 2014, 'C-');
insert into Takes values ('202368', '573', '1', 'Summer', 2000, 'C+');
insert into Takes values ('744659', '371', '1', 'Fall', 2006, 'B+');
insert into Takes values ('919208', '536', '1', 'Spring', 2008, 'A+');
insert into Takes values ('537090', '981', '1', 'Spring', 2020, 'B+');
insert into Takes values ('918301', '863', '1', 'Fall', 2018, 'B-');
insert into Takes values ('513777', '374', '1', 'Summer', 2001, 'B-');
insert into Takes values ('779533', '682', '1', 'Spring', 2017, 'B+');
insert into Takes values ('571087', '217', '1', 'Spring', 2019, 'A-');
insert into Takes values ('618132', '288', '1', 'Fall', 2014, 'B+');
insert into Takes values ('210242', '364', '1', 'Spring', 2004, 'C-');
insert into Takes values ('429950', '536', '1', 'Spring', 2008, 'C+');
insert into Takes values ('489709', '271', '1', 'Spring', 2008, 'B+');
insert into Takes values ('191231', '217', '1', 'Spring', 2019, 'B-');
insert into Takes values ('893595', '100', '1', 'Spring', 2017, 'D');
insert into Takes values ('394272', '186', '1', 'Fall', 2010, 'B-');
insert into Takes values ('454819', '747', '1', 'Spring', 2001, 'A+');
insert into Takes values ('849709', '236', '1', 'Fall', 2020, 'B-');
insert into Takes values ('908212', '371', '1', 'Fall', 2006, 'B-');
insert into Takes values ('484173', '999', '1', 'Spring', 2017, 'B-');
insert into Takes values ('684170', '981', '1', 'Spring', 2020, 'C+');
insert into Takes values ('779944', '923', '1', 'Fall', 2021, 'C+');
insert into Takes values ('662387', '138', '1', 'Spring', 2003, 'B+');
insert into Takes values ('758678', '903', '1', 'Fall', 2011, 'B-');
insert into Takes values ('330317', '100', '1', 'Spring', 2017, 'B-');
insert into Takes values ('500264', '981', '1', 'Spring', 2020, 'C+');
insert into Takes values ('110472', '186', '1', 'Fall', 2010, 'B-');
insert into Takes values ('919087', '575', '1', 'Spring', 2002, 'A+');
insert into Takes values ('524970', '747', '1', 'Spring', 2001, 'B-');
insert into Takes values ('332462', '729', '1', 'Summer', 2010, 'A+');
insert into Takes values ('343482', '444', '1', 'Fall', 2002, 'D');
insert into Takes values ('683039', '444', '1', 'Fall', 2002, 'B-');
insert into Takes values ('491786', '364', '1', 'Spring', 2004, 'A-');
insert into Takes values ('832770', '182', '1', 'Spring', 2012, 'B-');
insert into Takes values ('653576', '668', '1', 'Spring', 2011, 'A-');
insert into Takes values ('577180', '573', '1', 'Summer', 2000, 'C-');
insert into Takes values ('683572', '364', '1', 'Spring', 2004, 'A-');
insert into Takes values ('922687', '444', '1', 'Fall', 2002, 'B-');
insert into Takes values ('168416', '271', '1', 'Spring', 2008, 'B+');
insert into Takes values ('915238', '236', '1', 'Fall', 2020, 'C+');
insert into Takes values ('820765', '536', '1', 'Spring', 2008, 'B+');
insert into Takes values ('949817', '100', '1', 'Spring', 2017, 'B+');
insert into Takes values ('763993', '686', '1', 'Fall', 2007, 'B-');
insert into Takes values ('805392', '682', '1', 'Spring', 2017, 'B+');
insert into Takes values ('153760', '236', '1', 'Fall', 2020, 'C-');
insert into Takes values ('157635', '999', '1', 'Spring', 2017, 'A-');
insert into Takes values ('536989', '358', '1', 'Fall', 2012, 'B-');
insert into Takes values ('612314', '708', '1', 'Fall', 2009, 'D');
insert into Takes values ('907234', '573', '1', 'Summer', 2000, 'A-');
insert into Takes values ('604431', '374', '1', 'Summer', 2001, 'B-');
insert into Takes values ('418664', '516', '1', 'Spring', 2018, 'C-');
insert into Takes values ('116111', '685', '1', 'Spring', 2012, 'B+');
insert into Takes values ('418237', '611', '1', 'Fall', 2000, 'A+');
insert into Takes values ('414693', '369', '1', 'Fall', 2004, 'B+');
insert into Takes values ('779069', '536', '1', 'Spring', 2008, 'B-');
insert into Takes values ('971815', '392', '1', 'Fall', 2020, 'B+');
insert into Takes values ('940079', '895', '1', 'Fall', 2016, 'A+');
insert into Takes values ('192992', '364', '1', 'Spring', 2004, 'B+');
insert into Takes values ('935028', '611', '1', 'Fall', 2000, 'B+');
insert into Takes values ('767566', '369', '1', 'Fall', 2004, 'B+');
insert into Takes values ('738492', '863', '1', 'Fall', 2018, 'A+');
insert into Takes values ('186160', '668', '1', 'Spring', 2011, 'A+');
insert into Takes values ('904208', '769', '1', 'Summer', 2016, 'A-');
insert into Takes values ('282237', '990', '1', 'Spring', 2001, 'C+');
insert into Takes values ('833278', '150', '1', 'Fall', 2014, 'C+');
insert into Takes values ('123006', '371', '1', 'Fall', 2006, 'B-');
insert into Takes values ('679302', '271', '1', 'Spring', 2008, 'A+');
insert into Takes values ('126554', '520', '1', 'Spring', 2002, 'C+');
insert into Takes values ('890210', '335', '1', 'Summer', 2020, 'D');
insert into Takes values ('134946', '747', '1', 'Spring', 2001, 'C-');
insert into Takes values ('226738', '217', '1', 'Spring', 2019, 'A+');
insert into Takes values ('767923', '729', '1', 'Summer', 2010, 'A-');
insert into Takes values ('701277', '528', '1', 'Fall', 2009, 'C+');
insert into Takes values ('246531', '792', '1', 'Spring', 2008, 'B-');
insert into Takes values ('444499', '456', '1', 'Spring', 2011, 'A-');
insert into Takes values ('336598', '999', '1', 'Spring', 2017, 'A-');
insert into Takes values ('560225', '150', '1', 'Fall', 2014, 'B+');
insert into Takes values ('966856', '516', '1', 'Spring', 2018, 'B-');
insert into Takes values ('220376', '497', '1', 'Fall', 2014, 'B-');
insert into Takes values ('397278', '217', '1', 'Spring', 2019, 'C+');
insert into Takes values ('330915', '769', '1', 'Summer', 2016, 'C-');
insert into Takes values ('174962', '611', '1', 'Fall', 2000, 'B+');
insert into Takes values ('552189', '217', '1', 'Spring', 2019, 'C+');
insert into Takes values ('217359', '923', '1', 'Fall', 2021, 'B-');
insert into Takes values ('408577', '358', '1', 'Fall', 2012, 'A+');
insert into Takes values ('265698', '114', '1', 'Spring', 2008, 'B-');
insert into Takes values ('354533', '706', '1', 'Spring', 2020, 'B+');
insert into Takes values ('687878', '536', '1', 'Spring', 2008, 'D');
insert into Takes values ('372787', '933', '1', 'Fall', 2014, 'B-');
insert into Takes values ('330954', '150', '1', 'Fall', 2014, 'B+');
insert into Takes values ('680860', '923', '1', 'Fall', 2021, 'B+');
insert into Takes values ('684931', '124', '1', 'Spring', 2016, 'B-');
insert into Takes values ('878164', '729', '1', 'Summer', 2010, 'A-');
insert into Takes values ('627446', '456', '1', 'Spring', 2011, 'C-');
insert into Takes values ('160328', '456', '1', 'Spring', 2011, 'B+');
insert into Takes values ('766916', '217', '1', 'Spring', 2019, 'C+');
insert into Takes values ('530617', '392', '1', 'Fall', 2020, 'D');
insert into Takes values ('765266', '351', '1', 'Fall', 2014, 'D');
insert into Takes values ('226414', '369', '1', 'Fall', 2004, 'A+');
insert into Takes values ('878212', '124', '1', 'Spring', 2016, 'A-');
insert into Takes values ('656965', '903', '1', 'Fall', 2011, 'A-');
insert into Takes values ('202368', '492', '1', 'Spring', 2014, 'A+');
insert into Takes values ('744659', '456', '1', 'Spring', 2011, 'B+');
insert into Takes values ('919208', '124', '1', 'Spring', 2016, 'B-');
insert into Takes values ('537090', '607', '1', 'Spring', 2010, 'A+');
insert into Takes values ('918301', '364', '1', 'Spring', 2004, 'D');
insert into Takes values ('513777', '747', '1', 'Spring', 2001, 'B+');
insert into Takes values ('779533', '999', '1', 'Spring', 2017, 'A-');
insert into Takes values ('571087', '645', '1', 'Spring', 2008, 'D');
insert into Takes values ('618132', '114', '1', 'Spring', 2008, 'B+');
insert into Takes values ('210242', '923', '1', 'Fall', 2021, 'B-');
insert into Takes values ('429950', '169', '1', 'Spring', 2022, 'A+');
insert into Takes values ('489709', '335', '1', 'Summer', 2020, 'B+');
insert into Takes values ('191231', '124', '1', 'Spring', 2016, 'B+');
insert into Takes values ('893595', '763', '1', 'Fall', 2002, 'B+');
insert into Takes values ('394272', '156', '1', 'Fall', 2019, 'B+');
insert into Takes values ('454819', '573', '1', 'Summer', 2000, 'B-');
insert into Takes values ('849709', '792', '1', 'Spring', 2008, 'A-');
insert into Takes values ('908212', '763', '1', 'Fall', 2002, 'B+');
insert into Takes values ('484173', '611', '1', 'Fall', 2000, 'B+');
insert into Takes values ('684170', '686', '1', 'Fall', 2007, 'C+');
insert into Takes values ('779944', '392', '1', 'Fall', 2020, 'B+');
insert into Takes values ('662387', '747', '1', 'Spring', 2001, 'C+');
insert into Takes values ('758678', '456', '1', 'Spring', 2011, 'C-');
insert into Takes values ('330317', '682', '1', 'Spring', 2017, 'A+');
insert into Takes values ('500264', '271', '1', 'Spring', 2008, 'D');
insert into Takes values ('110472', '747', '1', 'Spring', 2001, 'B-');
insert into Takes values ('919087', '573', '1', 'Summer', 2000, 'C+');
insert into Takes values ('524970', '217', '1', 'Spring', 2019, 'C+');
insert into Takes values ('332462', '374', '1', 'Summer', 2001, 'C-');
insert into Takes values ('343482', '150', '1', 'Fall', 2014, 'B+');
insert into Takes values ('683039', '520', '1', 'Spring', 2002, 'B-');
insert into Takes values ('491786', '990', '1', 'Spring', 2001, 'B-');
insert into Takes values ('832770', '497', '1', 'Fall', 2014, 'B-');
insert into Takes values ('653576', '685', '1', 'Spring', 2012, 'B+');
insert into Takes values ('577180', '114', '1', 'Spring', 2008, 'B-');
insert into Takes values ('683572', '114', '1', 'Spring', 2008, 'A-');
insert into Takes values ('922687', '611', '1', 'Fall', 2000, 'B-');
insert into Takes values ('168416', '236', '1', 'Fall', 2020, 'D');
insert into Takes values ('915238', '371', '1', 'Fall', 2006, 'B+');
insert into Takes values ('820765', '392', '1', 'Fall', 2020, 'B+');
insert into Takes values ('949817', '364', '1', 'Spring', 2004, 'B-');
insert into Takes values ('763993', '573', '1', 'Summer', 2000, 'A-');
insert into Takes values ('805392', '351', '1', 'Fall', 2014, 'B-');
insert into Takes values ('153760', '186', '1', 'Fall', 2010, 'A-');
insert into Takes values ('157635', '169', '1', 'Spring', 2022, 'C+');
insert into Takes values ('536989', '236', '1', 'Fall', 2020, 'C+');
insert into Takes values ('612314', '288', '1', 'Fall', 2014, 'B+');
insert into Takes values ('907234', '100', '1', 'Spring', 2017, 'A-');
insert into Takes values ('604431', '895', '1', 'Fall', 2016, 'C-');
insert into Takes values ('418664', '981', '1', 'Spring', 2020, 'A+');
insert into Takes values ('949817', '763', '1', 'Fall', 2002, 'B+');
insert into Takes values ('763993', '364', '1', 'Spring', 2004, 'C-');
insert into Takes values ('805392', '150', '1', 'Fall', 2014, 'A-');
insert into Takes values ('153760', '933', '1', 'Fall', 2014, 'A-');
insert into Takes values ('157635', '923', '1', 'Fall', 2021, 'A+');
insert into Takes values ('536989', '792', '1', 'Spring', 2008, 'D');
insert into Takes values ('612314', '863', '1', 'Fall', 2018, 'C+');
insert into Takes values ('907234', '288', '1', 'Fall', 2014, 'B+');
insert into Takes values ('604431', '371', '1', 'Fall', 2006, 'B+');
insert into Takes values ('418664', '863', '1', 'Fall', 2018, 'B+');
insert into Takes values ('116111', '516', '1', 'Spring', 2018, 'C-');
insert into Takes values ('418237', '516', '1', 'Spring', 2018, 'A-');
insert into Takes values ('414693', '371', '1', 'Fall', 2006, 'A-');
insert into Takes values ('779069', '217', '1', 'Spring', 2019, 'B+');
insert into Takes values ('971815', '217', '1', 'Spring', 2019, 'B+');
insert into Takes values ('940079', '236', '1', 'Fall', 2020, 'A+');
insert into Takes values ('192992', '528', '1', 'Fall', 2009, 'B+');
insert into Takes values ('935028', '763', '1', 'Fall', 2002, 'C+');
insert into Takes values ('767566', '516', '1', 'Spring', 2018, 'C-');
insert into Takes values ('738492', '150', '1', 'Fall', 2014, 'D');
insert into Takes values ('186160', '456', '1', 'Spring', 2011, 'A-');
insert into Takes values ('904208', '668', '1', 'Spring', 2011, 'C+');

insert into Advisor values ('408577', '78622');
insert into Advisor values ('265698', '26433');
insert into Advisor values ('354533', '12565');
insert into Advisor values ('687878', '44131');
insert into Advisor values ('372787', '58326');
insert into Advisor values ('330954', '22304');
insert into Advisor values ('680860', '66666');
insert into Advisor values ('684931', '94375');
insert into Advisor values ('878164', '66666');
insert into Advisor values ('627446', '86476');
insert into Advisor values ('160328', '58619');
insert into Advisor values ('766916', '90603');
insert into Advisor values ('530617', '88284');
insert into Advisor values ('765266', '46947');
insert into Advisor values ('226414', '66666');
insert into Advisor values ('878212', '83669');
insert into Advisor values ('656965', '22222');
insert into Advisor values ('202368', '94375');
insert into Advisor values ('744659', '78622');
insert into Advisor values ('919208', '22222');
insert into Advisor values ('537090', '67911');
insert into Advisor values ('918301', '22222');
insert into Advisor values ('513777', '86476');
insert into Advisor values ('779533', '30919');
insert into Advisor values ('571087', '58326');
insert into Advisor values ('618132', '66666');
insert into Advisor values ('210242', '83669');
insert into Advisor values ('429950', '83669');
insert into Advisor values ('489709', '39135');
insert into Advisor values ('191231', '80608');
insert into Advisor values ('893595', '44131');
insert into Advisor values ('394272', '86476');
insert into Advisor values ('454819', '16257');
insert into Advisor values ('849709', '12565');
insert into Advisor values ('908212', '88284');
insert into Advisor values ('484173', '83669');
insert into Advisor values ('684170', '86476');
insert into Advisor values ('779944', '58405');
insert into Advisor values ('662387', '16878');
insert into Advisor values ('758678', '90603');
insert into Advisor values ('330317', '39575');
insert into Advisor values ('500264', '22304');
insert into Advisor values ('110472', '63567');
insert into Advisor values ('919087', '39135');
insert into Advisor values ('524970', '63567');
insert into Advisor values ('332462', '39575');
insert into Advisor values ('343482', '30919');
insert into Advisor values ('683039', '86476');
insert into Advisor values ('491786', '94375');
insert into Advisor values ('832770', '22304');
insert into Advisor values ('653576', '83669');
insert into Advisor values ('577180', '58405');
insert into Advisor values ('683572', '16878');
insert into Advisor values ('922687', '86476');
insert into Advisor values ('168416', '16878');
insert into Advisor values ('915238', '30919');
insert into Advisor values ('820765', '77875');
insert into Advisor values ('949817', '90452');
insert into Advisor values ('763993', '26433');
insert into Advisor values ('805392', '63567');
insert into Advisor values ('153760', '46947');
insert into Advisor values ('157635', '30919');
insert into Advisor values ('536989', '77875');
insert into Advisor values ('612314', '86476');
insert into Advisor values ('907234', '64577');
insert into Advisor values ('604431', '24228');
insert into Advisor values ('418664', '88284');
insert into Advisor values ('116111', '58619');
insert into Advisor values ('418237', '90603');
insert into Advisor values ('414693', '16878');
insert into Advisor values ('779069', '40839');
insert into Advisor values ('971815', '30919');
insert into Advisor values ('940079', '12565');
insert into Advisor values ('192992', '30919');
insert into Advisor values ('935028', '39135');
insert into Advisor values ('767566', '66666');
insert into Advisor values ('738492', '46947');
insert into Advisor values ('186160', '16878');
insert into Advisor values ('904208', '39575');
insert into Advisor values ('282237', '64577');
insert into Advisor values ('833278', '16257');
insert into Advisor values ('123006', '94375');
insert into Advisor values ('679302', '64577');
insert into Advisor values ('126554', '66666');
insert into Advisor values ('890210', '80608');
insert into Advisor values ('134946', '40839');
insert into Advisor values ('226738', '90603');
insert into Advisor values ('767923', '65112');
insert into Advisor values ('701277', '22304');
insert into Advisor values ('246531', '94375');
insert into Advisor values ('444499', '90603');
insert into Advisor values ('336598', '64577');
insert into Advisor values ('560225', '58405');
insert into Advisor values ('966856', '64702');
insert into Advisor values ('220376', '16257');
insert into Advisor values ('397278', '39575');
insert into Advisor values ('330915', '58405');
insert into Advisor values ('174962', '83669');
insert into Advisor values ('552189', '83669');
insert into Advisor values ('217359', '24228');

insert into Prereq values ('186', '288');
insert into Prereq values ('288', '343');
insert into Prereq values ('682', '895');
insert into Prereq values ('747', '217');
insert into Prereq values ('536', '217');
insert into Prereq values ('763', '923');
insert into Prereq values ('392', '708');
insert into Prereq values ('444', '708');
insert into Prereq values ('156', '708');
insert into Prereq values ('999', '516');
insert into Prereq values ('729', '573');
insert into Prereq values ('990', '169');
insert into Prereq values ('114', '990');
insert into Prereq values ('335', '114');
insert into Prereq values ('792', '668');
insert into Prereq values ('903', '668');
insert into Prereq values ('933', '371');

